{
  "TruthfulQA-mini": 37.54728140211082,
  "BioASQ-mini": 22.018358062021434,
  "HumanEval-lite": 57.22213487501722
}